{
  "version": 1,
  "author": "Fabio Henrique Cabrini",
  "editor": "wokwi",
  "parts": [
    { "type": "wokwi-esp32-devkit-v1", "id": "esp", "top": -216.1, "left": -120.2, "attrs": {} },
    {
      "type": "wokwi-hc-sr04",
      "id": "ultrasonic1",
      "top": -324.9,
      "left": 15.1,
      "attrs": { "distance": "325" }
    },
    {
      "type": "wokwi-resistor",
      "id": "r1",
      "top": -63.25,
      "left": 9.6,
      "attrs": { "value": "1000" }
    }
  ],
  "connections": [
    [ "esp:TX0", "$serialMonitor:RX", "", [] ],
    [ "esp:RX0", "$serialMonitor:TX", "", [] ],
    [ "ultrasonic1:TRIG", "esp:D5", "green", [ "v0" ] ],
    [ "ultrasonic1:ECHO", "r1:2", "green", [ "v0" ] ],
    [ "ultrasonic1:GND", "esp:GND.1", "black", [ "v0" ] ],
    [ "ultrasonic1:VCC", "esp:VIN", "red", [ "h-220.8", "v115.2" ] ],
    [ "r1:1", "esp:D18", "green", [ "v0" ] ]
  ],
  "dependencies": {}
}